antecedents,consequents,antecedent support,consequent support,support,confidence,lift,representativity,leverage,conviction,zhangs_metric,jaccard,certainty,kulczynski,Consequent_Margin_EUR,Expected_Value_Per_1k_EUR
Chips,Wine,0.02,0.49,0.02,1.0,2.0408163265306123,1.0,0.0102,inf,0.5204081632653061,0.04081632653061225,1.0,0.5204081632653061,5.0,5000.0
Beer,Wine,0.03,0.49,0.03,1.0,2.0408163265306123,1.0,0.0153,inf,0.5257731958762887,0.061224489795918366,1.0,0.5306122448979592,5.0,5000.0
Chips,Wine,0.03,0.49,0.03,1.0,2.0408163265306123,1.0,0.0153,inf,0.5257731958762887,0.061224489795918366,1.0,0.5306122448979592,5.0,5000.0
Diapers,Wine,0.04,0.49,0.04,1.0,2.0408163265306123,1.0,0.0204,inf,0.5312500000000001,0.08163265306122448,1.0,0.5408163265306123,5.0,5000.0
Baby Wipes,Wine,0.02,0.49,0.02,1.0,2.0408163265306123,1.0,0.0102,inf,0.5204081632653061,0.04081632653061225,1.0,0.5204081632653061,5.0,5000.0
Cheese,Wine,0.45,0.49,0.43,0.9555555555555555,1.950113378684807,1.0,0.2095,11.474999999999984,0.8858350951374206,0.8431372549019608,0.9128540305010892,0.9165532879818594,5.0,4777.78
Bread,Wine,0.24,0.49,0.22,0.9166666666666667,1.870748299319728,1.0,0.1024,6.120000000000005,0.6124401913875598,0.43137254901960786,0.8366013071895426,0.6828231292517007,5.0,4583.33
Chips,Diapers,0.02,0.37,0.02,1.0,2.7027027027027026,1.0,0.0126,inf,0.6428571428571429,0.05405405405405406,1.0,0.527027027027027,4.5,4500.0
Baby Wipes,Diapers,0.02,0.37,0.02,1.0,2.7027027027027026,1.0,0.0126,inf,0.6428571428571429,0.05405405405405406,1.0,0.527027027027027,4.5,4500.0
Baby Wipes,Diapers,0.04,0.37,0.04,1.0,2.7027027027027026,1.0,0.0252,inf,0.6562500000000001,0.10810810810810811,1.0,0.5540540540540541,4.5,4500.0
Beer,Diapers,0.05,0.37,0.05,1.0,2.7027027027027026,1.0,0.0315,inf,0.6631578947368421,0.13513513513513514,1.0,0.5675675675675675,4.5,4500.0
Baby Wipes,Diapers,0.05,0.37,0.05,1.0,2.7027027027027026,1.0,0.0315,inf,0.6631578947368421,0.13513513513513514,1.0,0.5675675675675675,4.5,4500.0
Beer,Diapers,0.05,0.33,0.05,1.0,3.0303030303030303,1.0,0.0335,inf,0.7052631578947369,0.15151515151515152,1.0,0.5757575757575758,4.5,4500.0
Baby Wipes,Diapers,0.02,0.37,0.02,1.0,2.7027027027027026,1.0,0.0126,inf,0.6428571428571429,0.05405405405405406,1.0,0.527027027027027,4.5,4500.0
Chips,Diapers,0.02,0.33,0.02,1.0,3.0303030303030303,1.0,0.013399999999999999,inf,0.6836734693877551,0.06060606060606061,1.0,0.5303030303030303,4.5,4500.0
Baby Wipes,Diapers,0.02,0.21,0.02,1.0,4.761904761904762,1.0,0.0158,inf,0.806122448979592,0.09523809523809525,1.0,0.5476190476190477,4.5,4500.0
Baby Wipes,Diapers,0.22,0.37,0.21,0.9545454545454545,2.5798525798525795,1.0,0.1286,13.859999999999978,0.7851037851037851,0.5526315789473684,0.9278499278499277,0.7610565110565111,4.5,4295.45
Eggs,Wine,0.07,0.49,0.06,0.857142857142857,1.7492711370262388,1.0,0.025699999999999994,3.5699999999999963,0.46057347670250887,0.12,0.7198879551820725,0.48979591836734687,5.0,4285.71
Baby Wipes,Diapers,0.36,0.37,0.33,0.9166666666666667,2.4774774774774775,1.0,0.19680000000000003,7.560000000000007,0.9318181818181819,0.8250000000000001,0.8677248677248679,0.9042792792792793,4.5,4125.0
Beer,Diapers,0.24,0.37,0.21,0.875,2.364864864864865,1.0,0.1212,5.04,0.7593984962406015,0.5249999999999999,0.8015873015873016,0.7212837837837838,4.5,3937.5
Beer,Diapers,0.24,0.33,0.21,0.875,2.6515151515151514,1.0,0.13079999999999997,5.359999999999999,0.819548872180451,0.5833333333333331,0.8134328358208955,0.7556818181818181,4.5,3937.5
Baby Wipes,Diapers,0.06,0.21,0.05,0.8333333333333334,3.9682539682539684,1.0,0.0374,4.740000000000001,0.7957446808510639,0.22727272727272727,0.7890295358649789,0.5357142857142857,4.5,3750.0
Eggs,Wine,0.04,0.49,0.03,0.75,1.530612244897959,1.0,0.0104,2.04,0.3611111111111111,0.06,0.5098039215686274,0.40561224489795916,5.0,3750.0
Baby Wipes,Diapers,0.06,0.37,0.05,0.8333333333333334,2.2522522522522523,1.0,0.027800000000000005,3.7800000000000007,0.5914893617021277,0.13157894736842105,0.7354497354497355,0.4842342342342343,4.5,3750.0
Beer,Diapers,0.05,0.37,0.04,0.7999999999999999,2.162162162162162,1.0,0.021500000000000002,3.149999999999999,0.5657894736842106,0.10526315789473684,0.6825396825396824,0.454054054054054,4.5,3600.0
Baby Wipes,Diapers,0.05,0.21,0.04,0.7999999999999999,3.8095238095238093,1.0,0.0295,3.949999999999999,0.7763157894736842,0.18181818181818182,0.7468354430379746,0.4952380952380952,4.5,3600.0
Baby Wipes,Diapers,0.05,0.37,0.04,0.7999999999999999,2.162162162162162,1.0,0.021500000000000002,3.149999999999999,0.5657894736842106,0.10526315789473684,0.6825396825396824,0.454054054054054,4.5,3600.0
Baby Wipes,Diapers,0.05,0.37,0.04,0.7999999999999999,2.162162162162162,1.0,0.021500000000000002,3.149999999999999,0.5657894736842106,0.10526315789473684,0.6825396825396824,0.454054054054054,4.5,3600.0
Beer,Diapers,0.05,0.33,0.04,0.7999999999999999,2.424242424242424,1.0,0.0235,3.3499999999999983,0.618421052631579,0.11764705882352941,0.7014925373134328,0.4606060606060606,4.5,3600.0
Milk,Wine,0.06,0.49,0.04,0.6666666666666667,1.360544217687075,1.0,0.010600000000000002,1.5300000000000005,0.2819148936170213,0.0784313725490196,0.3464052287581701,0.3741496598639456,5.0,3333.33
Diapers,Wine,0.03,0.49,0.02,0.6666666666666667,1.360544217687075,1.0,0.005300000000000001,1.5300000000000005,0.2731958762886598,0.04,0.3464052287581701,0.3537414965986395,5.0,3333.33
Chips,Wine,0.08,0.49,0.05,0.625,1.2755102040816326,1.0,0.010800000000000004,1.36,0.23478260869565223,0.09615384615384617,0.2647058823529412,0.3635204081632653,5.0,3125.0
Baby Wipes,Diapers,0.03,0.37,0.02,0.6666666666666667,1.801801801801802,1.0,0.008900000000000002,1.8900000000000003,0.45876288659793824,0.05263157894736842,0.47089947089947104,0.3603603603603604,4.5,3000.0
Baby Wipes,Diapers,0.06,0.37,0.04,0.6666666666666667,1.801801801801802,1.0,0.017800000000000003,1.8900000000000003,0.473404255319149,0.10256410256410256,0.47089947089947104,0.3873873873873874,4.5,3000.0
Butter,Wine,0.05,0.49,0.03,0.6,1.2244897959183674,1.0,0.005499999999999998,1.275,0.1929824561403508,0.058823529411764705,0.2156862745098039,0.33061224489795915,5.0,3000.0
Chips,Wine,0.05,0.49,0.03,0.6,1.2244897959183674,1.0,0.005499999999999998,1.275,0.1929824561403508,0.058823529411764705,0.2156862745098039,0.33061224489795915,5.0,3000.0
Baby Wipes,Diapers,0.03,0.37,0.02,0.6666666666666667,1.801801801801802,1.0,0.008900000000000002,1.8900000000000003,0.45876288659793824,0.05263157894736842,0.47089947089947104,0.3603603603603604,4.5,3000.0
Baby Wipes,Diapers,0.36,0.21,0.21,0.5833333333333334,2.777777777777778,1.0,0.1344,1.8960000000000004,1.0,0.5833333333333334,0.4725738396624473,0.7916666666666667,4.5,2625.0
Bread,Cheese,0.24,0.45,0.22,0.9166666666666667,2.037037037037037,1.0,0.112,6.600000000000007,0.6698564593301435,0.46808510638297873,0.8484848484848485,0.7027777777777778,2.5,2291.67
Wine,Cheese,0.49,0.45,0.43,0.8775510204081632,1.950113378684807,1.0,0.2095,4.491666666666666,0.95531235750114,0.8431372549019608,0.7773654916512058,0.9165532879818594,2.5,2193.88
Eggs,Cheese,0.07,0.45,0.06,0.857142857142857,1.9047619047619044,1.0,0.02849999999999999,3.849999999999996,0.5107526881720429,0.13043478260869565,0.7402597402597398,0.49523809523809514,2.5,2142.86
Diapers,Beer,0.05,0.24,0.05,1.0,4.166666666666667,1.0,0.038000000000000006,inf,0.8000000000000002,0.20833333333333334,1.0,0.6041666666666666,2.0,2000.0
Diapers,Beer,0.04,0.24,0.04,1.0,4.166666666666667,1.0,0.030400000000000003,inf,0.7916666666666669,0.16666666666666669,1.0,0.5833333333333334,2.0,2000.0
Diapers,Beer,0.05,0.24,0.05,1.0,4.166666666666667,1.0,0.038000000000000006,inf,0.8000000000000002,0.20833333333333334,1.0,0.6041666666666666,2.0,2000.0
Diapers,Beer,0.02,0.24,0.02,1.0,4.166666666666667,1.0,0.015200000000000002,inf,0.7755102040816327,0.08333333333333333,1.0,0.5416666666666666,2.0,2000.0
Baby Wipes,Beer,0.02,0.24,0.02,1.0,4.166666666666667,1.0,0.015200000000000002,inf,0.7755102040816327,0.08333333333333333,1.0,0.5416666666666666,2.0,2000.0
Eggs,Cheese,0.04,0.45,0.03,0.75,1.6666666666666665,1.0,0.011999999999999997,2.2,0.4166666666666666,0.06521739130434782,0.5454545454545454,0.4083333333333333,2.5,1875.0
Beer,Diapers,0.05,0.33,0.02,0.39999999999999997,1.212121212121212,1.0,0.0034999999999999996,1.1166666666666665,0.18421052631578946,0.05555555555555556,0.10447761194029845,0.2303030303030303,4.5,1800.0
Milk,Cheese,0.06,0.45,0.04,0.6666666666666667,1.4814814814814816,1.0,0.013000000000000001,1.6500000000000006,0.34574468085106386,0.0851063829787234,0.39393939393939403,0.3777777777777778,2.5,1666.67
Chips,Cheese,0.03,0.45,0.02,0.6666666666666667,1.4814814814814816,1.0,0.006500000000000001,1.6500000000000006,0.3350515463917526,0.04347826086956522,0.39393939393939403,0.35555555555555557,2.5,1666.67
Baby Wipes,Beer,0.06,0.24,0.05,0.8333333333333334,3.4722222222222223,1.0,0.03560000000000001,4.560000000000001,0.7574468085106384,0.2,0.780701754385965,0.5208333333333334,2.0,1666.67
Diapers,Beer,0.05,0.24,0.04,0.7999999999999999,3.333333333333333,1.0,0.028,3.799999999999999,0.736842105263158,0.16000000000000003,0.7368421052631579,0.4833333333333333,2.0,1600.0
Baby Wipes,Beer,0.05,0.24,0.04,0.7999999999999999,3.333333333333333,1.0,0.028,3.799999999999999,0.736842105263158,0.16000000000000003,0.7368421052631579,0.4833333333333333,2.0,1600.0
Butter,Cheese,0.05,0.45,0.03,0.6,1.3333333333333333,1.0,0.007499999999999996,1.375,0.263157894736842,0.06382978723404255,0.27272727272727265,0.3333333333333333,2.5,1500.0
Baby Wipes,Diapers,0.06,0.21,0.02,0.33333333333333337,1.5873015873015874,1.0,0.007400000000000002,1.185,0.3936170212765958,0.08,0.15611814345991565,0.2142857142857143,4.5,1500.0
Chips,Cheese,0.05,0.45,0.03,0.6,1.3333333333333333,1.0,0.007499999999999996,1.375,0.263157894736842,0.06382978723404255,0.27272727272727265,0.3333333333333333,2.5,1500.0
Beer,Cheese,0.05,0.45,0.03,0.6,1.3333333333333333,1.0,0.007499999999999996,1.375,0.263157894736842,0.06382978723404255,0.27272727272727265,0.3333333333333333,2.5,1500.0
Diapers,Beer,0.03,0.24,0.02,0.6666666666666667,2.777777777777778,1.0,0.0128,2.2800000000000007,0.6597938144329897,0.08,0.5614035087719299,0.37500000000000006,2.0,1333.33
Diapers,Beer,0.33,0.24,0.21,0.6363636363636364,2.6515151515151514,1.0,0.13079999999999997,2.09,0.9296375266524519,0.5833333333333331,0.5215311004784688,0.7556818181818181,2.0,1272.73
Baby Wipes,Beer,0.36,0.24,0.22,0.6111111111111112,2.5462962962962967,1.0,0.1336,1.9542857142857146,0.9488636363636362,0.5789473684210527,0.4883040935672515,0.763888888888889,2.0,1222.22
Diapers,Baby Wipes,0.05,0.36,0.05,1.0,2.7777777777777777,1.0,0.032,inf,0.6736842105263158,0.1388888888888889,1.0,0.5694444444444444,1.2,1200.0
Diapers,Baby Wipes,0.05,0.36,0.05,1.0,2.7777777777777777,1.0,0.032,inf,0.6736842105263158,0.1388888888888889,1.0,0.5694444444444444,1.2,1200.0
Diapers,Baby Wipes,0.04,0.36,0.04,1.0,2.7777777777777777,1.0,0.0256,inf,0.6666666666666667,0.11111111111111112,1.0,0.5555555555555556,1.2,1200.0
Diapers,Baby Wipes,0.02,0.36,0.02,1.0,2.7777777777777777,1.0,0.0128,inf,0.653061224489796,0.05555555555555556,1.0,0.5277777777777778,1.2,1200.0
Diapers,Baby Wipes,0.02,0.36,0.02,1.0,2.7777777777777777,1.0,0.0128,inf,0.653061224489796,0.05555555555555556,1.0,0.5277777777777778,1.2,1200.0
Beer,Baby Wipes,0.05,0.36,0.05,1.0,2.7777777777777777,1.0,0.032,inf,0.6736842105263158,0.1388888888888889,1.0,0.5694444444444444,1.2,1200.0
Diapers,Baby Wipes,0.21,0.36,0.21,1.0,2.7777777777777777,1.0,0.1344,inf,0.810126582278481,0.5833333333333334,1.0,0.7916666666666667,1.2,1200.0
Chips,Baby Wipes,0.02,0.36,0.02,1.0,2.7777777777777777,1.0,0.0128,inf,0.653061224489796,0.05555555555555556,1.0,0.5277777777777778,1.2,1200.0
Diapers,Baby Wipes,0.04,0.36,0.04,1.0,2.7777777777777777,1.0,0.0256,inf,0.6666666666666667,0.11111111111111112,1.0,0.5555555555555556,1.2,1200.0
Diapers,Baby Wipes,0.05,0.22,0.05,1.0,4.545454545454546,1.0,0.039,inf,0.8210526315789474,0.22727272727272727,1.0,0.6136363636363636,1.2,1200.0
Diapers,Baby Wipes,0.02,0.36,0.02,1.0,2.7777777777777777,1.0,0.0128,inf,0.653061224489796,0.05555555555555556,1.0,0.5277777777777778,1.2,1200.0
Diapers,Beer,0.37,0.24,0.21,0.5675675675675675,2.364864864864865,1.0,0.1212,1.7574999999999998,0.9160997732426304,0.5249999999999999,0.43100995732574676,0.7212837837837838,2.0,1135.14
Chips,Diapers,0.08,0.08,0.02,0.25,3.125,1.0,0.013600000000000001,1.2266666666666668,0.7391304347826088,0.14285714285714285,0.18478260869565216,0.25,4.5,1125.0
Beer,Baby Wipes,0.24,0.36,0.22,0.9166666666666667,2.5462962962962967,1.0,0.1336,7.680000000000007,0.7990430622009569,0.5789473684210527,0.8697916666666667,0.763888888888889,1.2,1100.0
Diapers,Baby Wipes,0.37,0.36,0.33,0.891891891891892,2.477477477477478,1.0,0.19680000000000003,5.920000000000006,0.9466089466089468,0.8250000000000001,0.8310810810810813,0.9042792792792793,1.2,1070.27
Baby Wipes,Diapers,0.22,0.05,0.05,0.2272727272727273,4.545454545454546,1.0,0.039,1.2294117647058824,0.9999999999999998,0.22727272727272727,0.18660287081339716,0.6136363636363636,4.5,1022.73
Baby Wipes,Beer,0.06,0.24,0.03,0.5,2.0833333333333335,1.0,0.0156,1.52,0.5531914893617021,0.1111111111111111,0.34210526315789475,0.3125,2.0,1000.0
Diapers,Beer,0.04,0.24,0.02,0.5,2.0833333333333335,1.0,0.010400000000000001,1.52,0.5416666666666667,0.07692307692307694,0.34210526315789475,0.2916666666666667,2.0,1000.0
Diapers,Baby Wipes,0.05,0.36,0.04,0.7999999999999999,2.2222222222222223,1.0,0.022000000000000002,3.199999999999999,0.5789473684210527,0.10810810810810811,0.6874999999999999,0.45555555555555555,1.2,960.0
Beer,Baby Wipes,0.05,0.36,0.04,0.7999999999999999,2.2222222222222223,1.0,0.022000000000000002,3.199999999999999,0.5789473684210527,0.10810810810810811,0.6874999999999999,0.45555555555555555,1.2,960.0
Diapers,Baby Wipes,0.05,0.22,0.04,0.7999999999999999,3.6363636363636362,1.0,0.028999999999999998,3.899999999999999,0.763157894736842,0.17391304347826086,0.7435897435897435,0.49090909090909085,1.2,960.0
Beer,Diapers,0.24,0.05,0.05,0.20833333333333334,4.166666666666667,1.0,0.038000000000000006,1.2,1.0,0.20833333333333334,0.16666666666666666,0.6041666666666666,4.5,937.5
Beer,Diapers,0.24,0.05,0.05,0.20833333333333334,4.166666666666667,1.0,0.038000000000000006,1.2,1.0,0.20833333333333334,0.16666666666666666,0.6041666666666666,4.5,937.5
Bread,Eggs,0.03,0.2,0.03,1.0,5.0,1.0,0.024,inf,0.8247422680412372,0.15,1.0,0.575,0.9,900.0
Chips,Eggs,0.03,0.2,0.03,1.0,5.0,1.0,0.024,inf,0.8247422680412372,0.15,1.0,0.575,0.9,900.0
Chips,Eggs,0.03,0.2,0.03,1.0,5.0,1.0,0.024,inf,0.8247422680412372,0.15,1.0,0.575,0.9,900.0
Milk,Eggs,0.03,0.2,0.03,1.0,5.0,1.0,0.024,inf,0.8247422680412372,0.15,1.0,0.575,0.9,900.0
Chips,Eggs,0.03,0.15,0.03,1.0,6.666666666666667,1.0,0.0255,inf,0.8762886597938144,0.2,1.0,0.6,0.9,900.0
Milk,Eggs,0.03,0.2,0.03,1.0,5.0,1.0,0.024,inf,0.8247422680412372,0.15,1.0,0.575,0.9,900.0
Milk,Eggs,0.03,0.13,0.03,1.0,7.692307692307692,1.0,0.026099999999999998,inf,0.8969072164948454,0.23076923076923075,1.0,0.6153846153846154,0.9,900.0
Milk,Eggs,0.03,0.15,0.03,1.0,6.666666666666667,1.0,0.0255,inf,0.8762886597938144,0.2,1.0,0.6,0.9,900.0
Milk,Eggs,0.03,0.2,0.03,1.0,5.0,1.0,0.024,inf,0.8247422680412372,0.15,1.0,0.575,0.9,900.0
Milk,Eggs,0.03,0.13,0.03,1.0,7.692307692307692,1.0,0.026099999999999998,inf,0.8969072164948454,0.23076923076923075,1.0,0.6153846153846154,0.9,900.0
Milk,Eggs,0.03,0.15,0.03,1.0,6.666666666666667,1.0,0.0255,inf,0.8762886597938144,0.2,1.0,0.6,0.9,900.0
Baby Wipes,Diapers,0.22,0.05,0.04,0.18181818181818182,3.6363636363636362,1.0,0.028999999999999998,1.1611111111111112,0.9294871794871794,0.17391304347826086,0.13875598086124405,0.49090909090909085,4.5,818.18
Diapers,Baby Wipes,0.03,0.36,0.02,0.6666666666666667,1.851851851851852,1.0,0.009200000000000002,1.9200000000000004,0.47422680412371143,0.05405405405405406,0.4791666666666668,0.36111111111111116,1.2,800.0
Diapers,Baby Wipes,0.03,0.22,0.02,0.6666666666666667,3.0303030303030307,1.0,0.0134,2.3400000000000007,0.6907216494845361,0.08695652173913043,0.5726495726495727,0.37878787878787884,1.2,800.0
Beer,Diapers,0.24,0.04,0.04,0.16666666666666669,4.166666666666667,1.0,0.030400000000000003,1.1520000000000001,1.0000000000000002,0.16666666666666669,0.13194444444444445,0.5833333333333334,4.5,750.0
Beer,Diapers,0.24,0.05,0.04,0.16666666666666669,3.3333333333333335,1.0,0.028,1.1400000000000001,0.9210526315789473,0.16000000000000003,0.12280701754385967,0.4833333333333333,4.5,750.0
Beer,Baby Wipes,0.05,0.36,0.03,0.6,1.6666666666666667,1.0,0.012,1.5999999999999999,0.4210526315789474,0.07894736842105263,0.375,0.3416666666666667,1.2,720.0
Milk,Butter,0.03,0.32,0.03,1.0,3.125,1.0,0.0204,inf,0.7010309278350516,0.09375000000000001,1.0,0.546875,0.7,700.0
Milk,Butter,0.03,0.32,0.03,1.0,3.125,1.0,0.0204,inf,0.7010309278350516,0.09375000000000001,1.0,0.546875,0.7,700.0
Milk,Butter,0.03,0.32,0.03,1.0,3.125,1.0,0.0204,inf,0.7010309278350516,0.09375000000000001,1.0,0.546875,0.7,700.0
Milk,Butter,0.03,0.26,0.03,1.0,3.846153846153846,1.0,0.022199999999999998,inf,0.7628865979381443,0.11538461538461538,1.0,0.5576923076923077,0.7,700.0
Eggs,Butter,0.03,0.32,0.03,1.0,3.125,1.0,0.0204,inf,0.7010309278350516,0.09375000000000001,1.0,0.546875,0.7,700.0
Milk,Butter,0.12,0.26,0.12,1.0,3.846153846153846,1.0,0.08879999999999999,inf,0.8409090909090908,0.4615384615384615,1.0,0.7307692307692307,0.7,700.0
Milk,Butter,0.12,0.32,0.12,1.0,3.125,1.0,0.0816,inf,0.7727272727272728,0.375,1.0,0.6875,0.7,700.0
Milk,Butter,0.12,0.32,0.12,1.0,3.125,1.0,0.0816,inf,0.7727272727272728,0.375,1.0,0.6875,0.7,700.0
Eggs,Butter,0.03,0.26,0.03,1.0,3.846153846153846,1.0,0.022199999999999998,inf,0.7628865979381443,0.11538461538461538,1.0,0.5576923076923077,0.7,700.0
Eggs,Butter,0.03,0.32,0.03,1.0,3.125,1.0,0.0204,inf,0.7010309278350516,0.09375000000000001,1.0,0.546875,0.7,700.0
Milk,Butter,0.03,0.32,0.03,1.0,3.125,1.0,0.0204,inf,0.7010309278350516,0.09375000000000001,1.0,0.546875,0.7,700.0
Diapers,Baby Wipes,0.37,0.22,0.21,0.5675675675675675,2.5798525798525795,1.0,0.1286,1.80375,0.9720332577475433,0.5526315789473684,0.4455994455994456,0.7610565110565111,1.2,681.08
Milk,Butter,0.26,0.32,0.25,0.9615384615384615,3.004807692307692,1.0,0.1668,17.67999999999996,0.9016216216216216,0.7575757575757575,0.9434389140271492,0.8713942307692307,0.7,673.08
Baby Wipes,Diapers,0.36,0.05,0.05,0.1388888888888889,2.7777777777777777,1.0,0.032,1.1032258064516127,1.0,0.1388888888888889,0.09356725146198831,0.5694444444444444,4.5,625.0
Baby Wipes,Diapers,0.36,0.05,0.05,0.1388888888888889,2.7777777777777777,1.0,0.032,1.1032258064516127,1.0,0.1388888888888889,0.09356725146198831,0.5694444444444444,4.5,625.0
Chips,Bread,0.03,0.5,0.03,1.0,2.0,1.0,0.015,inf,0.5154639175257733,0.06,1.0,0.53,0.6,600.0
Milk,Bread,0.12,0.5,0.12,1.0,2.0,1.0,0.06,inf,0.5681818181818181,0.24,1.0,0.62,0.6,600.0
Diapers,Baby Wipes,0.08,0.36,0.04,0.5,1.3888888888888888,1.0,0.011200000000000002,1.28,0.3043478260869566,0.09999999999999999,0.21875000000000003,0.3055555555555556,1.2,600.0
Eggs,Bread,0.03,0.5,0.03,1.0,2.0,1.0,0.015,inf,0.5154639175257733,0.06,1.0,0.53,0.6,600.0
Milk,Bread,0.25,0.5,0.25,1.0,2.0,1.0,0.125,inf,0.6666666666666666,0.5,1.0,0.75,0.6,600.0
Eggs,Bread,0.03,0.5,0.03,1.0,2.0,1.0,0.015,inf,0.5154639175257733,0.06,1.0,0.53,0.6,600.0
Milk,Bread,0.03,0.26,0.03,1.0,3.846153846153846,1.0,0.022199999999999998,inf,0.7628865979381443,0.11538461538461538,1.0,0.5576923076923077,0.6,600.0
Milk,Bread,0.03,0.5,0.03,1.0,2.0,1.0,0.015,inf,0.5154639175257733,0.06,1.0,0.53,0.6,600.0
Milk,Bread,0.03,0.5,0.03,1.0,2.0,1.0,0.015,inf,0.5154639175257733,0.06,1.0,0.53,0.6,600.0
Milk,Bread,0.03,0.5,0.03,1.0,2.0,1.0,0.015,inf,0.5154639175257733,0.06,1.0,0.53,0.6,600.0
Milk,Bread,0.03,0.5,0.03,1.0,2.0,1.0,0.015,inf,0.5154639175257733,0.06,1.0,0.53,0.6,600.0
Milk,Bread,0.03,0.12,0.03,1.0,8.333333333333334,1.0,0.0264,inf,0.9072164948453609,0.25,1.0,0.625,0.6,600.0
Eggs,Bread,0.03,0.25,0.03,1.0,4.0,1.0,0.0225,inf,0.7731958762886598,0.12,1.0,0.56,0.6,600.0
Milk,Bread,0.12,0.5,0.12,1.0,2.0,1.0,0.06,inf,0.5681818181818181,0.24,1.0,0.62,0.6,600.0
Milk,Bread,0.03,0.5,0.03,1.0,2.0,1.0,0.015,inf,0.5154639175257733,0.06,1.0,0.53,0.6,600.0
Milk,Bread,0.03,0.5,0.03,1.0,2.0,1.0,0.015,inf,0.5154639175257733,0.06,1.0,0.53,0.6,600.0
Eggs,Butter,0.15,0.32,0.12,0.8,2.5,1.0,0.072,3.4000000000000004,0.7058823529411765,0.34285714285714286,0.7058823529411766,0.5875,0.7,560.0
Eggs,Bread,0.13,0.5,0.12,0.923076923076923,1.846153846153846,1.0,0.05499999999999999,6.499999999999995,0.5268199233716475,0.23529411764705882,0.846153846153846,0.5815384615384616,0.6,553.85
Milk,Butter,0.32,0.26,0.25,0.78125,3.004807692307692,1.0,0.1668,3.382857142857143,0.9811764705882354,0.7575757575757575,0.7043918918918919,0.8713942307692307,0.7,546.88
Milk,Butter,0.32,0.32,0.25,0.78125,2.44140625,1.0,0.1476,3.108571428571428,0.8682352941176472,0.641025641025641,0.6783088235294118,0.78125,0.7,546.88
Chips,Eggs,0.05,0.2,0.03,0.6,2.9999999999999996,1.0,0.019999999999999997,2.0,0.7017543859649122,0.13636363636363635,0.49999999999999994,0.375,0.9,540.0
Chips,Eggs,0.05,0.13,0.03,0.6,4.615384615384615,1.0,0.0235,2.175,0.824561403508772,0.2,0.5402298850574713,0.41538461538461535,0.9,540.0
Milk,Butter,0.04,0.32,0.03,0.75,2.34375,1.0,0.0172,2.7199999999999998,0.5972222222222222,0.09090909090909091,0.6323529411764707,0.421875,0.7,525.0
Milk,Butter,0.04,0.32,0.03,0.75,2.34375,1.0,0.0172,2.7199999999999998,0.5972222222222222,0.09090909090909091,0.6323529411764707,0.421875,0.7,525.0
Baby Wipes,Diapers,0.36,0.04,0.04,0.11111111111111112,2.777777777777778,1.0,0.0256,1.08,1.0,0.11111111111111112,0.0740740740740741,0.5555555555555556,4.5,500.0
Eggs,Milk,0.03,0.26,0.03,1.0,3.846153846153846,1.0,0.022199999999999998,inf,0.7628865979381443,0.11538461538461538,1.0,0.5576923076923077,0.5,500.0
Eggs,Milk,0.03,0.25,0.03,1.0,4.0,1.0,0.0225,inf,0.7731958762886598,0.12,1.0,0.56,0.5,500.0
Bread,Milk,0.03,0.32,0.03,1.0,3.125,1.0,0.0204,inf,0.7010309278350516,0.09375000000000001,1.0,0.546875,0.5,500.0
Chips,Milk,0.03,0.32,0.03,1.0,3.125,1.0,0.0204,inf,0.7010309278350516,0.09375000000000001,1.0,0.546875,0.5,500.0
Eggs,Milk,0.03,0.32,0.03,1.0,3.125,1.0,0.0204,inf,0.7010309278350516,0.09375000000000001,1.0,0.546875,0.5,500.0
Chips,Milk,0.03,0.32,0.03,1.0,3.125,1.0,0.0204,inf,0.7010309278350516,0.09375000000000001,1.0,0.546875,0.5,500.0
Eggs,Milk,0.03,0.25,0.03,1.0,4.0,1.0,0.0225,inf,0.7731958762886598,0.12,1.0,0.56,0.5,500.0
Eggs,Milk,0.03,0.32,0.03,1.0,3.125,1.0,0.0204,inf,0.7010309278350516,0.09375000000000001,1.0,0.546875,0.5,500.0
Chips,Milk,0.03,0.12,0.03,1.0,8.333333333333334,1.0,0.0264,inf,0.9072164948453609,0.25,1.0,0.625,0.5,500.0
Eggs,Milk,0.03,0.26,0.03,1.0,3.846153846153846,1.0,0.022199999999999998,inf,0.7628865979381443,0.11538461538461538,1.0,0.5576923076923077,0.5,500.0
Chips,Milk,0.03,0.26,0.03,1.0,3.846153846153846,1.0,0.022199999999999998,inf,0.7628865979381443,0.11538461538461538,1.0,0.5576923076923077,0.5,500.0
Eggs,Milk,0.03,0.32,0.03,1.0,3.125,1.0,0.0204,inf,0.7010309278350516,0.09375000000000001,1.0,0.546875,0.5,500.0
Baby Wipes,Diapers,0.36,0.08,0.04,0.11111111111111112,1.388888888888889,1.0,0.011200000000000002,1.0350000000000001,0.43750000000000006,0.09999999999999999,0.03381642512077295,0.3055555555555556,4.5,500.0
Chips,Milk,0.03,0.12,0.03,1.0,8.333333333333334,1.0,0.0264,inf,0.9072164948453609,0.25,1.0,0.625,0.5,500.0
Bread,Milk,0.03,0.12,0.03,1.0,8.333333333333334,1.0,0.0264,inf,0.9072164948453609,0.25,1.0,0.625,0.5,500.0
Baby Wipes,Diapers,0.36,0.05,0.04,0.11111111111111112,2.2222222222222223,1.0,0.022000000000000002,1.06875,0.859375,0.10810810810810811,0.06432748538011697,0.45555555555555555,4.5,500.0
Baby Wipes,Diapers,0.36,0.04,0.04,0.11111111111111112,2.777777777777778,1.0,0.0256,1.08,1.0,0.11111111111111112,0.0740740740740741,0.5555555555555556,4.5,500.0
Eggs,Milk,0.12,0.32,0.12,1.0,3.125,1.0,0.0816,inf,0.7727272727272728,0.375,1.0,0.6875,0.5,500.0
Milk,Bread,0.32,0.5,0.26,0.8125,1.625,1.0,0.1,2.6666666666666665,0.5656108597285069,0.46428571428571425,0.625,0.66625,0.6,487.5
Butter,Bread,0.32,0.5,0.26,0.8125,1.625,1.0,0.1,2.6666666666666665,0.5656108597285069,0.46428571428571425,0.625,0.66625,0.6,487.5
Butter,Milk,0.26,0.32,0.25,0.9615384615384615,3.004807692307692,1.0,0.1668,17.67999999999996,0.9016216216216216,0.7575757575757575,0.9434389140271492,0.8713942307692307,0.5,480.77
Butter,Bread,0.05,0.5,0.04,0.7999999999999999,1.5999999999999999,1.0,0.015,2.499999999999999,0.39473684210526316,0.0784313725490196,0.5999999999999999,0.43999999999999995,0.6,480.0
Butter,Bread,0.05,0.5,0.04,0.7999999999999999,1.5999999999999999,1.0,0.015,2.499999999999999,0.39473684210526316,0.0784313725490196,0.5999999999999999,0.43999999999999995,0.6,480.0
Eggs,Milk,0.13,0.32,0.12,0.923076923076923,2.8846153846153846,1.0,0.0784,8.839999999999993,0.7509578544061303,0.3636363636363636,0.8868778280542987,0.6490384615384615,0.5,461.54
Eggs,Milk,0.13,0.26,0.12,0.923076923076923,3.550295857988165,1.0,0.0862,9.619999999999992,0.8256704980842913,0.4444444444444444,0.8960498960498959,0.6923076923076923,0.5,461.54
Eggs,Butter,0.2,0.32,0.13,0.65,2.03125,1.0,0.066,1.9428571428571428,0.6346153846153846,0.3333333333333333,0.4852941176470589,0.528125,0.7,455.0
Eggs,Bread,0.2,0.5,0.15,0.7499999999999999,1.4999999999999998,1.0,0.04999999999999999,1.9999999999999991,0.4166666666666666,0.27272727272727276,0.4999999999999998,0.5249999999999999,0.6,450.0
Milk,Eggs,0.25,0.2,0.12,0.48,2.4,1.0,0.06999999999999999,1.5384615384615385,0.7777777777777777,0.3636363636363636,0.3499999999999999,0.54,0.9,432.0
Milk,Eggs,0.25,0.2,0.12,0.48,2.4,1.0,0.06999999999999999,1.5384615384615385,0.7777777777777777,0.3636363636363636,0.3499999999999999,0.54,0.9,432.0
Milk,Eggs,0.25,0.15,0.12,0.48,3.2,1.0,0.08249999999999999,1.6346153846153846,0.9166666666666666,0.4285714285714285,0.388235294117647,0.64,0.9,432.0
Eggs,Butter,0.2,0.26,0.12,0.6,2.3076923076923075,1.0,0.06799999999999999,1.8499999999999999,0.7083333333333333,0.3529411764705882,0.45945945945945943,0.5307692307692308,0.7,420.0
Chips,Butter,0.05,0.32,0.03,0.6,1.875,1.0,0.013999999999999999,1.6999999999999997,0.49122807017543857,0.08823529411764706,0.4117647058823529,0.346875,0.7,420.0
Milk,Eggs,0.26,0.13,0.12,0.4615384615384615,3.550295857988165,1.0,0.0862,1.6157142857142854,0.9707207207207208,0.4444444444444444,0.38107869142351897,0.6923076923076923,0.9,415.38
Milk,Eggs,0.26,0.2,0.12,0.4615384615384615,2.3076923076923075,1.0,0.06799999999999999,1.4857142857142855,0.7657657657657657,0.3529411764705882,0.32692307692307687,0.5307692307692308,0.9,415.38
Butter,Eggs,0.26,0.2,0.12,0.4615384615384615,2.3076923076923075,1.0,0.06799999999999999,1.4857142857142855,0.7657657657657657,0.3529411764705882,0.32692307692307687,0.5307692307692308,0.9,415.38
Baby Wipes,Diapers,0.22,0.03,0.02,0.09090909090909091,3.0303030303030307,1.0,0.0134,1.067,0.8589743589743589,0.08695652173913043,0.06279287722586692,0.37878787878787884,4.5,409.09
Eggs,Milk,0.15,0.25,0.12,0.8,3.2,1.0,0.08249999999999999,3.750000000000001,0.8088235294117646,0.4285714285714285,0.7333333333333334,0.64,0.5,400.0
Eggs,Milk,0.15,0.32,0.12,0.8,2.5,1.0,0.072,3.4000000000000004,0.7058823529411765,0.34285714285714286,0.7058823529411766,0.5875,0.5,400.0
Chips,Bread,0.03,0.24,0.02,0.6666666666666667,2.777777777777778,1.0,0.0128,2.2800000000000007,0.6597938144329897,0.08,0.5614035087719299,0.37500000000000006,0.6,400.0
Cheese,Bread,0.03,0.5,0.02,0.6666666666666667,1.3333333333333335,1.0,0.005000000000000001,1.5000000000000004,0.2577319587628866,0.0392156862745098,0.3333333333333335,0.3533333333333334,0.6,400.0
Milk,Bread,0.06,0.5,0.04,0.6666666666666667,1.3333333333333335,1.0,0.010000000000000002,1.5000000000000004,0.2659574468085107,0.07692307692307693,0.3333333333333335,0.37333333333333335,0.6,400.0
Chips,Bread,0.03,0.5,0.02,0.6666666666666667,1.3333333333333335,1.0,0.005000000000000001,1.5000000000000004,0.2577319587628866,0.0392156862745098,0.3333333333333335,0.3533333333333334,0.6,400.0
Cheese,Bread,0.03,0.5,0.02,0.6666666666666667,1.3333333333333335,1.0,0.005000000000000001,1.5000000000000004,0.2577319587628866,0.0392156862745098,0.3333333333333335,0.3533333333333334,0.6,400.0
Milk,Bread,0.06,0.5,0.04,0.6666666666666667,1.3333333333333335,1.0,0.010000000000000002,1.5000000000000004,0.2659574468085107,0.07692307692307693,0.3333333333333335,0.37333333333333335,0.6,400.0
Butter,Milk,0.32,0.26,0.25,0.78125,3.004807692307692,1.0,0.1668,3.382857142857143,0.9811764705882354,0.7575757575757575,0.7043918918918919,0.8713942307692307,0.5,390.62
Butter,Milk,0.32,0.32,0.25,0.78125,2.44140625,1.0,0.1476,3.108571428571428,0.8682352941176472,0.641025641025641,0.6783088235294118,0.78125,0.5,390.62
Beer,Diapers,0.24,0.04,0.02,0.08333333333333334,2.0833333333333335,1.0,0.010400000000000001,1.0472727272727274,0.6842105263157896,0.07692307692307694,0.0451388888888889,0.2916666666666667,4.5,375.0
Butter,Milk,0.04,0.32,0.03,0.75,2.34375,1.0,0.0172,2.7199999999999998,0.5972222222222222,0.09090909090909091,0.6323529411764707,0.421875,0.5,375.0
Chips,Bread,0.08,0.5,0.05,0.625,1.25,1.0,0.010000000000000002,1.3333333333333333,0.2173913043478261,0.09433962264150945,0.25,0.3625,0.6,375.0
Beer,Diapers,0.24,0.02,0.02,0.08333333333333334,4.166666666666667,1.0,0.015200000000000002,1.069090909090909,1.0000000000000002,0.08333333333333333,0.06462585034013606,0.5416666666666666,4.5,375.0
Beer,Diapers,0.24,0.03,0.02,0.08333333333333334,2.777777777777778,1.0,0.0128,1.0581818181818181,0.8421052631578948,0.08,0.05498281786941582,0.37500000000000006,4.5,375.0
Butter,Milk,0.04,0.32,0.03,0.75,2.34375,1.0,0.0172,2.7199999999999998,0.5972222222222222,0.09090909090909091,0.6323529411764707,0.421875,0.5,375.0
Wine,Diapers,0.49,0.04,0.04,0.0816326530612245,2.0408163265306123,1.0,0.0204,1.0453333333333332,1.0,0.08163265306122448,0.04336734693877552,0.5408163265306123,4.5,367.35
Butter,Eggs,0.32,0.2,0.13,0.40625,2.03125,1.0,0.066,1.3473684210526315,0.7466063348416291,0.3333333333333333,0.25781249999999994,0.528125,0.9,365.63
Bread,Butter,0.5,0.32,0.26,0.52,1.625,1.0,0.1,1.4166666666666665,0.7692307692307693,0.46428571428571425,0.2941176470588236,0.66625,0.7,364.0
Butter,Eggs,0.05,0.2,0.02,0.39999999999999997,1.9999999999999998,1.0,0.009999999999999998,1.3333333333333333,0.5263157894736842,0.08695652173913043,0.24999999999999994,0.24999999999999997,0.9,360.0
Butter,Eggs,0.05,0.2,0.02,0.39999999999999997,1.9999999999999998,1.0,0.009999999999999998,1.3333333333333333,0.5263157894736842,0.08695652173913043,0.24999999999999994,0.24999999999999997,0.9,360.0
Chips,Bread,0.05,0.5,0.03,0.6,1.2,1.0,0.0049999999999999975,1.25,0.175438596491228,0.05769230769230769,0.19999999999999996,0.32999999999999996,0.6,360.0
Milk,Butter,0.06,0.32,0.03,0.5,1.5625,1.0,0.0108,1.3599999999999999,0.3829787234042554,0.08571428571428572,0.2647058823529412,0.296875,0.7,350.0
Milk,Butter,0.06,0.26,0.03,0.5,1.923076923076923,1.0,0.0144,1.48,0.5106382978723405,0.10344827586206895,0.32432432432432434,0.3076923076923077,0.7,350.0
Milk,Butter,0.06,0.32,0.03,0.5,1.5625,1.0,0.0108,1.3599999999999999,0.3829787234042554,0.08571428571428572,0.2647058823529412,0.296875,0.7,350.0
Milk,Butter,0.06,0.26,0.03,0.5,1.923076923076923,1.0,0.0144,1.48,0.5106382978723405,0.10344827586206895,0.32432432432432434,0.3076923076923077,0.7,350.0
Chips,Eggs,0.08,0.2,0.03,0.375,1.875,1.0,0.013999999999999999,1.28,0.5072463768115941,0.12,0.21874999999999997,0.2625,0.9,337.5
Milk,Eggs,0.32,0.13,0.12,0.375,2.8846153846153846,1.0,0.0784,1.392,0.9607843137254902,0.3636363636363636,0.28160919540229884,0.6490384615384615,0.9,337.5
Milk,Eggs,0.32,0.2,0.12,0.375,1.875,1.0,0.055999999999999994,1.28,0.6862745098039216,0.3,0.21874999999999997,0.4875,0.9,337.5
Chips,Eggs,0.08,0.15,0.03,0.375,2.5,1.0,0.018,1.3599999999999999,0.6521739130434783,0.15,0.2647058823529412,0.2875,0.9,337.5
Chips,Eggs,0.08,0.13,0.03,0.375,2.8846153846153846,1.0,0.0196,1.392,0.7101449275362318,0.16666666666666663,0.28160919540229884,0.30288461538461536,0.9,337.5
Milk,Eggs,0.32,0.12,0.12,0.375,3.125,1.0,0.0816,1.408,1.0000000000000002,0.375,0.2897727272727273,0.6875,0.9,337.5
Milk,Eggs,0.32,0.15,0.12,0.375,2.5,1.0,0.072,1.3599999999999999,0.8823529411764706,0.34285714285714286,0.2647058823529412,0.5875,0.9,337.5
Butter,Eggs,0.32,0.15,0.12,0.375,2.5,1.0,0.072,1.3599999999999999,0.8823529411764706,0.34285714285714286,0.2647058823529412,0.5875,0.9,337.5
Chips,Eggs,0.08,0.12,0.03,0.375,3.125,1.0,0.0204,1.408,0.7391304347826088,0.1764705882352941,0.2897727272727273,0.3125,0.9,337.5
Diapers,Beer,0.33,0.05,0.05,0.15151515151515152,3.0303030303030303,1.0,0.0335,1.1196428571428572,1.0000000000000002,0.15151515151515152,0.10685805422647529,0.5757575757575758,2.0,303.03
Chips,Milk,0.05,0.32,0.03,0.6,1.875,1.0,0.013999999999999999,1.6999999999999997,0.49122807017543857,0.08823529411764706,0.4117647058823529,0.346875,0.5,300.0
Butter,Milk,0.05,0.32,0.03,0.6,1.875,1.0,0.013999999999999999,1.6999999999999997,0.49122807017543857,0.08823529411764706,0.4117647058823529,0.346875,0.5,300.0
Chips,Milk,0.05,0.25,0.03,0.6,2.4,1.0,0.017499999999999998,1.875,0.6140350877192983,0.1111111111111111,0.4666666666666666,0.36,0.5,300.0
Butter,Milk,0.05,0.32,0.03,0.6,1.875,1.0,0.013999999999999999,1.6999999999999997,0.49122807017543857,0.08823529411764706,0.4117647058823529,0.346875,0.5,300.0
Butter,Milk,0.05,0.26,0.03,0.6,2.3076923076923075,1.0,0.016999999999999998,1.8499999999999999,0.5964912280701754,0.10714285714285712,0.45945945945945943,0.3576923076923077,0.5,300.0
Eggs,Milk,0.2,0.25,0.12,0.6,2.4,1.0,0.06999999999999999,1.875,0.7291666666666666,0.3636363636363636,0.4666666666666666,0.54,0.5,300.0
Eggs,Milk,0.2,0.26,0.12,0.6,2.3076923076923075,1.0,0.06799999999999999,1.8499999999999999,0.7083333333333333,0.3529411764705882,0.45945945945945943,0.5307692307692308,0.5,300.0
Eggs,Milk,0.2,0.32,0.12,0.6,1.875,1.0,0.055999999999999994,1.6999999999999997,0.5833333333333333,0.3,0.4117647058823529,0.4875,0.5,300.0
Chips,Milk,0.05,0.12,0.03,0.6,5.0,1.0,0.024,2.1999999999999997,0.8421052631578948,0.2142857142857143,0.5454545454545454,0.425,0.5,300.0
Chips,Milk,0.05,0.12,0.03,0.6,5.0,1.0,0.024,2.1999999999999997,0.8421052631578948,0.2142857142857143,0.5454545454545454,0.425,0.5,300.0
Butter,Milk,0.05,0.26,0.03,0.6,2.3076923076923075,1.0,0.016999999999999998,1.8499999999999999,0.5964912280701754,0.10714285714285712,0.45945945945945943,0.3576923076923077,0.5,300.0
Eggs,Milk,0.2,0.25,0.12,0.6,2.4,1.0,0.06999999999999999,1.875,0.7291666666666666,0.3636363636363636,0.4666666666666666,0.54,0.5,300.0
Cheese,Bread,0.45,0.24,0.22,0.4888888888888889,2.037037037037037,1.0,0.112,1.4869565217391305,0.9256198347107437,0.46808510638297873,0.32748538011695905,0.7027777777777778,0.6,293.33
Diapers,Baby Wipes,0.21,0.06,0.05,0.2380952380952381,3.968253968253969,1.0,0.0374,1.23375,0.9468354430379746,0.22727272727272727,0.18946301925025333,0.5357142857142857,1.2,285.71
Baby Wipes,Beer,0.36,0.05,0.05,0.1388888888888889,2.7777777777777777,1.0,0.032,1.1032258064516127,1.0,0.1388888888888889,0.09356725146198831,0.5694444444444444,2.0,277.78
Diapers,Beer,0.37,0.05,0.05,0.13513513513513514,2.7027027027027026,1.0,0.0315,1.0984375,1.0,0.13513513513513514,0.08961593172119489,0.5675675675675675,2.0,270.27
Bread,Eggs,0.5,0.2,0.15,0.3,1.4999999999999998,1.0,0.04999999999999999,1.142857142857143,0.6666666666666665,0.27272727272727276,0.12499999999999997,0.5249999999999999,0.9,270.0
Wine,Bread,0.49,0.24,0.22,0.4489795918367347,1.870748299319728,1.0,0.1024,1.3792592592592594,0.9126559714795008,0.43137254901960786,0.2749731471535983,0.6828231292517007,0.6,269.39
Chips,Butter,0.08,0.26,0.03,0.375,1.4423076923076923,1.0,0.009199999999999996,1.184,0.3333333333333332,0.09677419354838708,0.1554054054054054,0.24519230769230768,0.7,262.5
Bread,Milk,0.5,0.32,0.26,0.52,1.625,1.0,0.1,1.4166666666666665,0.7692307692307693,0.46428571428571425,0.2941176470588236,0.66625,0.5,260.0
Eggs,Bread,0.07,0.24,0.03,0.4285714285714285,1.7857142857142854,1.0,0.013199999999999996,1.3299999999999998,0.4731182795698924,0.10714285714285712,0.2481203007518796,0.27678571428571425,0.6,257.14
Eggs,Bread,0.07,0.24,0.03,0.4285714285714285,1.7857142857142854,1.0,0.013199999999999996,1.3299999999999998,0.4731182795698924,0.10714285714285712,0.2481203007518796,0.27678571428571425,0.6,257.14
Bread,Milk,0.5,0.25,0.25,0.5,2.0,1.0,0.125,1.5,1.0,0.5,0.3333333333333333,0.75,0.5,250.0
Baby Wipes,Diapers,0.36,0.02,0.02,0.05555555555555556,2.777777777777778,1.0,0.0128,1.0376470588235294,1.0,0.05555555555555556,0.036281179138322,0.5277777777777778,4.5,250.0
Baby Wipes,Diapers,0.36,0.02,0.02,0.05555555555555556,2.777777777777778,1.0,0.0128,1.0376470588235294,1.0,0.05555555555555556,0.036281179138322,0.5277777777777778,4.5,250.0
Baby Wipes,Diapers,0.36,0.03,0.02,0.05555555555555556,1.851851851851852,1.0,0.009200000000000002,1.0270588235294118,0.7187500000000001,0.05405405405405406,0.026345933562428415,0.36111111111111116,4.5,250.0
Beer,Baby Wipes,0.24,0.06,0.05,0.20833333333333334,3.4722222222222223,1.0,0.03560000000000001,1.1873684210526316,0.9368421052631579,0.2,0.15780141843971635,0.5208333333333334,1.2,250.0
Baby Wipes,Diapers,0.36,0.02,0.02,0.05555555555555556,2.777777777777778,1.0,0.0128,1.0376470588235294,1.0,0.05555555555555556,0.036281179138322,0.5277777777777778,4.5,250.0
Diapers,Beer,0.33,0.05,0.04,0.12121212121212122,2.4242424242424243,1.0,0.0235,1.0810344827586207,0.8768656716417911,0.11764705882352941,0.07496012759170655,0.4606060606060606,2.0,242.42
Butter,Bread,0.05,0.24,0.02,0.39999999999999997,1.6666666666666665,1.0,0.008,1.2666666666666664,0.4210526315789474,0.07407407407407408,0.21052631578947364,0.24166666666666664,0.6,240.0
Chips,Bread,0.05,0.24,0.02,0.39999999999999997,1.6666666666666665,1.0,0.008,1.2666666666666664,0.4210526315789474,0.07407407407407408,0.21052631578947364,0.24166666666666664,0.6,240.0
Butter,Bread,0.05,0.24,0.02,0.39999999999999997,1.6666666666666665,1.0,0.008,1.2666666666666664,0.4210526315789474,0.07407407407407408,0.21052631578947364,0.24166666666666664,0.6,240.0
Butter,Milk,0.26,0.12,0.12,0.4615384615384615,3.8461538461538463,1.0,0.08879999999999999,1.6342857142857141,1.0,0.4615384615384615,0.38811188811188807,0.7307692307692307,0.5,230.77
Diapers,Baby Wipes,0.21,0.05,0.04,0.1904761904761905,3.8095238095238098,1.0,0.0295,1.1735294117647057,0.9335443037974682,0.18181818181818182,0.14786967418546368,0.4952380952380952,1.2,228.57
Chips,Bread,0.08,0.24,0.03,0.375,1.5625,1.0,0.0108,1.216,0.391304347826087,0.10344827586206895,0.17763157894736842,0.25,0.6,225.0
Chips,Bread,0.08,0.12,0.03,0.375,3.125,1.0,0.0204,1.408,0.7391304347826088,0.1764705882352941,0.2897727272727273,0.3125,0.6,225.0
Baby Wipes,Beer,0.36,0.05,0.04,0.11111111111111112,2.2222222222222223,1.0,0.022000000000000002,1.06875,0.859375,0.10810810810810811,0.06432748538011697,0.45555555555555555,2.0,222.22
Diapers,Beer,0.37,0.05,0.04,0.10810810810810811,2.1621621621621623,1.0,0.021500000000000002,1.0651515151515152,0.8531746031746033,0.10526315789473684,0.061166429587482224,0.454054054054054,2.0,216.22
Bread,Eggs,0.5,0.13,0.12,0.24,1.846153846153846,1.0,0.05499999999999999,1.144736842105263,0.9166666666666666,0.23529411764705882,0.1264367816091954,0.5815384615384616,0.9,216.0
Diapers,Chips,0.08,0.08,0.02,0.25,3.125,1.0,0.013600000000000001,1.2266666666666668,0.7391304347826088,0.14285714285714285,0.18478260869565216,0.25,0.8,200.0
Milk,Chips,0.12,0.08,0.03,0.25,3.125,1.0,0.0204,1.2266666666666668,0.7727272727272728,0.1764705882352941,0.18478260869565216,0.3125,0.8,200.0
Milk,Chips,0.12,0.03,0.03,0.25,8.333333333333334,1.0,0.0264,1.2933333333333332,1.0,0.25,0.2268041237113402,0.625,0.8,200.0
Beer,Baby Wipes,0.24,0.05,0.04,0.16666666666666669,3.3333333333333335,1.0,0.028,1.1400000000000001,0.9210526315789473,0.16000000000000003,0.12280701754385967,0.4833333333333333,1.2,200.0
Eggs,Chips,0.12,0.08,0.03,0.25,3.125,1.0,0.0204,1.2266666666666668,0.7727272727272728,0.1764705882352941,0.18478260869565216,0.3125,0.8,200.0
Milk,Chips,0.12,0.08,0.03,0.25,3.125,1.0,0.0204,1.2266666666666668,0.7727272727272728,0.1764705882352941,0.18478260869565216,0.3125,0.8,200.0
Milk,Chips,0.12,0.05,0.03,0.25,5.0,1.0,0.024,1.2666666666666666,0.9090909090909091,0.2142857142857143,0.2105263157894737,0.425,0.8,200.0
Milk,Chips,0.12,0.03,0.03,0.25,8.333333333333334,1.0,0.0264,1.2933333333333332,1.0,0.25,0.2268041237113402,0.625,0.8,200.0
Bread,Chips,0.12,0.08,0.03,0.25,3.125,1.0,0.0204,1.2266666666666668,0.7727272727272728,0.1764705882352941,0.18478260869565216,0.3125,0.8,200.0
Milk,Chips,0.12,0.08,0.03,0.25,3.125,1.0,0.0204,1.2266666666666668,0.7727272727272728,0.1764705882352941,0.18478260869565216,0.3125,0.8,200.0
Milk,Chips,0.12,0.05,0.03,0.25,5.0,1.0,0.024,1.2666666666666666,0.9090909090909091,0.2142857142857143,0.2105263157894737,0.425,0.8,200.0
Milk,Bread,0.06,0.24,0.02,0.33333333333333337,1.388888888888889,1.0,0.005600000000000001,1.1400000000000001,0.29787234042553196,0.07142857142857144,0.12280701754385971,0.20833333333333337,0.6,200.0
Milk,Bread,0.06,0.24,0.02,0.33333333333333337,1.388888888888889,1.0,0.005600000000000001,1.1400000000000001,0.29787234042553196,0.07142857142857144,0.12280701754385971,0.20833333333333337,0.6,200.0
Chips,Milk,0.08,0.12,0.03,0.375,3.125,1.0,0.0204,1.408,0.7391304347826088,0.1764705882352941,0.2897727272727273,0.3125,0.5,187.5
Chips,Milk,0.08,0.25,0.03,0.375,1.5,1.0,0.009999999999999998,1.2,0.3623188405797101,0.09999999999999998,0.16666666666666666,0.2475,0.5,187.5
Chips,Milk,0.08,0.12,0.03,0.375,3.125,1.0,0.0204,1.408,0.7391304347826088,0.1764705882352941,0.2897727272727273,0.3125,0.5,187.5
Butter,Milk,0.32,0.12,0.12,0.375,3.125,1.0,0.0816,1.408,1.0000000000000002,0.375,0.2897727272727273,0.6875,0.5,187.5
Butter,Milk,0.32,0.12,0.12,0.375,3.125,1.0,0.0816,1.408,1.0000000000000002,0.375,0.2897727272727273,0.6875,0.5,187.5
Chips,Milk,0.08,0.26,0.03,0.375,1.4423076923076923,1.0,0.009199999999999996,1.184,0.3333333333333332,0.09677419354838708,0.1554054054054054,0.24519230769230768,0.5,187.5
Chips,Milk,0.08,0.25,0.03,0.375,1.5,1.0,0.009999999999999998,1.2,0.3623188405797101,0.09999999999999998,0.16666666666666666,0.2475,0.5,187.5
Chips,Milk,0.08,0.12,0.03,0.375,3.125,1.0,0.0204,1.408,0.7391304347826088,0.1764705882352941,0.2897727272727273,0.3125,0.5,187.5
Eggs,Chips,0.13,0.08,0.03,0.23076923076923075,2.8846153846153846,1.0,0.0196,1.196,0.7509578544061303,0.16666666666666663,0.16387959866220736,0.30288461538461536,0.8,184.62
Eggs,Chips,0.13,0.05,0.03,0.23076923076923075,4.615384615384615,1.0,0.0235,1.2349999999999999,0.9003831417624522,0.2,0.19028340080971656,0.41538461538461535,0.8,184.62
Wine,Diapers,0.49,0.03,0.02,0.04081632653061225,1.360544217687075,1.0,0.005300000000000001,1.0112765957446808,0.5196078431372549,0.04,0.01115085209341469,0.3537414965986395,4.5,183.67
Baby Wipes,Beer,0.36,0.05,0.03,0.08333333333333333,1.6666666666666665,1.0,0.012,1.0363636363636364,0.6250000000000001,0.07894736842105263,0.035087719298245605,0.3416666666666667,2.0,166.67
Diapers,Baby Wipes,0.37,0.06,0.05,0.13513513513513514,2.2522522522522523,1.0,0.027800000000000005,1.0868749999999998,0.8825396825396827,0.13157894736842105,0.07993099482461186,0.4842342342342343,1.2,162.16
Diapers,Baby Wipes,0.37,0.05,0.05,0.13513513513513514,2.7027027027027026,1.0,0.0315,1.0984375,1.0,0.13513513513513514,0.08961593172119489,0.5675675675675675,1.2,162.16
Eggs,Chips,0.15,0.03,0.03,0.2,6.666666666666667,1.0,0.0255,1.2125,1.0,0.2,0.1752577319587629,0.6,0.8,160.0
Eggs,Chips,0.15,0.08,0.03,0.2,2.5,1.0,0.018,1.15,0.7058823529411765,0.15,0.13043478260869565,0.2875,0.8,160.0
Beer,Baby Wipes,0.24,0.06,0.03,0.125,2.0833333333333335,1.0,0.0156,1.0742857142857143,0.6842105263157894,0.1111111111111111,0.06914893617021277,0.3125,1.2,150.0
Milk,Bread,0.12,0.03,0.03,0.25,8.333333333333334,1.0,0.0264,1.2933333333333332,1.0,0.25,0.2268041237113402,0.625,0.6,150.0
Cheese,Beer,0.45,0.05,0.03,0.06666666666666667,1.3333333333333333,1.0,0.007499999999999996,1.0178571428571428,0.4545454545454543,0.06382978723404255,0.017543859649122803,0.3333333333333333,2.0,133.33
Diapers,Baby Wipes,0.37,0.05,0.04,0.10810810810810811,2.1621621621621623,1.0,0.021500000000000002,1.0651515151515152,0.8531746031746033,0.10526315789473684,0.061166429587482224,0.454054054054054,1.2,129.73
Diapers,Baby Wipes,0.37,0.04,0.04,0.10810810810810811,2.7027027027027026,1.0,0.0252,1.0763636363636364,1.0,0.10810810810810811,0.07094594594594594,0.5540540540540541,1.2,129.73
Diapers,Baby Wipes,0.37,0.06,0.04,0.10810810810810811,1.801801801801802,1.0,0.017800000000000003,1.053939393939394,0.7063492063492065,0.10256410256410256,0.05117883841288098,0.3873873873873874,1.2,129.73
Diapers,Baby Wipes,0.37,0.05,0.04,0.10810810810810811,2.1621621621621623,1.0,0.021500000000000002,1.0651515151515152,0.8531746031746033,0.10526315789473684,0.061166429587482224,0.454054054054054,1.2,129.73
Bread,Milk,0.12,0.03,0.03,0.25,8.333333333333334,1.0,0.0264,1.2933333333333332,1.0,0.25,0.2268041237113402,0.625,0.5,125.0
Wine,Beer,0.49,0.03,0.03,0.061224489795918366,2.0408163265306123,1.0,0.0153,1.0332608695652172,1.0,0.061224489795918366,0.032190195665895226,0.5306122448979592,2.0,122.45
Diapers,Beer,0.33,0.05,0.02,0.06060606060606061,1.2121212121212122,1.0,0.0034999999999999996,1.011290322580645,0.26119402985074625,0.05555555555555556,0.011164274322169059,0.2303030303030303,2.0,121.21
Eggs,Chips,0.2,0.05,0.03,0.15,2.9999999999999996,1.0,0.019999999999999997,1.1176470588235294,0.8333333333333331,0.13636363636363635,0.10526315789473684,0.375,0.8,120.0
Eggs,Chips,0.2,0.03,0.03,0.15,5.0,1.0,0.024,1.1411764705882352,1.0,0.15,0.12371134020618557,0.575,0.8,120.0
Cheese,Eggs,0.45,0.07,0.06,0.13333333333333333,1.9047619047619047,1.0,0.02849999999999999,1.073076923076923,0.8636363636363633,0.13043478260869565,0.06810035842293906,0.49523809523809514,0.9,120.0
Bread,Milk,0.5,0.12,0.12,0.24,2.0,1.0,0.06,1.1578947368421053,1.0,0.24,0.13636363636363635,0.62,0.5,120.0
Eggs,Chips,0.2,0.08,0.03,0.15,1.875,1.0,0.013999999999999999,1.0823529411764707,0.5833333333333333,0.12,0.07608695652173912,0.2625,0.8,120.0
Eggs,Chips,0.2,0.03,0.03,0.15,5.0,1.0,0.024,1.1411764705882352,1.0,0.15,0.12371134020618557,0.575,0.8,120.0
Bread,Milk,0.5,0.12,0.12,0.24,2.0,1.0,0.06,1.1578947368421053,1.0,0.24,0.13636363636363635,0.62,0.5,120.0
Eggs,Milk,0.13,0.03,0.03,0.23076923076923075,7.6923076923076925,1.0,0.026099999999999998,1.261,1.0,0.23076923076923075,0.20697858842188738,0.6153846153846154,0.5,115.38
Eggs,Milk,0.13,0.03,0.03,0.23076923076923075,7.6923076923076925,1.0,0.026099999999999998,1.261,1.0,0.23076923076923075,0.20697858842188738,0.6153846153846154,0.5,115.38
Diapers,Baby Wipes,0.21,0.02,0.02,0.09523809523809525,4.761904761904762,1.0,0.0158,1.083157894736842,1.0,0.09523809523809525,0.07677356656948495,0.5476190476190477,1.2,114.29
Diapers,Baby Wipes,0.21,0.06,0.02,0.09523809523809525,1.5873015873015874,1.0,0.007400000000000002,1.0389473684210526,0.46835443037974694,0.08,0.0374873353596758,0.2142857142857143,1.2,114.29
Bread,Eggs,0.24,0.07,0.03,0.125,1.7857142857142856,1.0,0.013199999999999996,1.0628571428571427,0.5789473684210524,0.10714285714285712,0.059139784946236555,0.27678571428571425,0.9,112.5
Bread,Eggs,0.24,0.07,0.03,0.125,1.7857142857142856,1.0,0.013199999999999996,1.0628571428571427,0.5789473684210524,0.10714285714285712,0.059139784946236555,0.27678571428571425,0.9,112.5
Wine,Eggs,0.49,0.07,0.06,0.12244897959183673,1.7492711370262388,1.0,0.025699999999999994,1.059767441860465,0.8398692810457514,0.12,0.05639675224928681,0.48979591836734687,0.9,110.2
Milk,Eggs,0.25,0.03,0.03,0.12,4.0,1.0,0.0225,1.1022727272727273,1.0,0.12,0.09278350515463918,0.56,0.9,108.0
Bread,Eggs,0.25,0.03,0.03,0.12,4.0,1.0,0.0225,1.1022727272727273,1.0,0.12,0.09278350515463918,0.56,0.9,108.0
Milk,Eggs,0.25,0.03,0.03,0.12,4.0,1.0,0.0225,1.1022727272727273,1.0,0.12,0.09278350515463918,0.56,0.9,108.0
Butter,Eggs,0.26,0.03,0.03,0.11538461538461538,3.8461538461538463,1.0,0.022199999999999998,1.0965217391304347,1.0,0.11538461538461538,0.08802537668517049,0.5576923076923077,0.9,103.85
Milk,Eggs,0.26,0.03,0.03,0.11538461538461538,3.8461538461538463,1.0,0.022199999999999998,1.0965217391304347,1.0,0.11538461538461538,0.08802537668517049,0.5576923076923077,0.9,103.85
Milk,Eggs,0.26,0.03,0.03,0.11538461538461538,3.8461538461538463,1.0,0.022199999999999998,1.0965217391304347,1.0,0.11538461538461538,0.08802537668517049,0.5576923076923077,0.9,103.85
Eggs,Milk,0.15,0.03,0.03,0.2,6.666666666666667,1.0,0.0255,1.2125,1.0,0.2,0.1752577319587629,0.6,0.5,100.0
Bread,Cheese,0.5,0.03,0.02,0.04,1.3333333333333335,1.0,0.005000000000000001,1.0104166666666667,0.5000000000000001,0.0392156862745098,0.010309278350515465,0.3533333333333334,2.5,100.0
Eggs,Milk,0.15,0.03,0.03,0.2,6.666666666666667,1.0,0.0255,1.2125,1.0,0.2,0.1752577319587629,0.6,0.5,100.0
Beer,Baby Wipes,0.24,0.02,0.02,0.08333333333333334,4.166666666666667,1.0,0.015200000000000002,1.069090909090909,1.0000000000000002,0.08333333333333333,0.06462585034013606,0.5416666666666666,1.2,100.0
Bread,Chips,0.24,0.08,0.03,0.125,1.5625,1.0,0.0108,1.0514285714285714,0.4736842105263158,0.10344827586206895,0.048913043478260865,0.25,0.8,100.0
Bread,Cheese,0.5,0.03,0.02,0.04,1.3333333333333335,1.0,0.005000000000000001,1.0104166666666667,0.5000000000000001,0.0392156862745098,0.010309278350515465,0.3533333333333334,2.5,100.0
Milk,Chips,0.25,0.05,0.03,0.12,2.4,1.0,0.017499999999999998,1.0795454545454546,0.7777777777777777,0.1111111111111111,0.07368421052631578,0.36,0.8,96.0
Milk,Chips,0.25,0.08,0.03,0.12,1.5,1.0,0.009999999999999998,1.0454545454545454,0.4444444444444444,0.09999999999999998,0.04347826086956521,0.2475,0.8,96.0
Milk,Chips,0.25,0.08,0.03,0.12,1.5,1.0,0.009999999999999998,1.0454545454545454,0.4444444444444444,0.09999999999999998,0.04347826086956521,0.2475,0.8,96.0
Butter,Chips,0.26,0.08,0.03,0.11538461538461538,1.4423076923076923,1.0,0.009199999999999996,1.04,0.4144144144144143,0.09677419354838708,0.03846153846153845,0.24519230769230768,0.8,92.31
Milk,Chips,0.26,0.08,0.03,0.11538461538461538,1.4423076923076923,1.0,0.009199999999999996,1.04,0.4144144144144143,0.09677419354838708,0.03846153846153845,0.24519230769230768,0.8,92.31
Milk,Chips,0.26,0.03,0.03,0.11538461538461538,3.8461538461538463,1.0,0.022199999999999998,1.0965217391304347,1.0,0.11538461538461538,0.08802537668517049,0.5576923076923077,0.8,92.31
Eggs,Bread,0.2,0.03,0.03,0.15,5.0,1.0,0.024,1.1411764705882352,1.0,0.15,0.12371134020618557,0.575,0.6,90.0
Milk,Eggs,0.32,0.03,0.03,0.09375,3.125,1.0,0.0204,1.0703448275862069,1.0000000000000002,0.09375000000000001,0.06572164948453608,0.546875,0.9,84.38
Milk,Eggs,0.32,0.03,0.03,0.09375,3.125,1.0,0.0204,1.0703448275862069,1.0000000000000002,0.09375000000000001,0.06572164948453608,0.546875,0.9,84.38
Milk,Eggs,0.32,0.03,0.03,0.09375,3.125,1.0,0.0204,1.0703448275862069,1.0000000000000002,0.09375000000000001,0.06572164948453608,0.546875,0.9,84.38
Butter,Eggs,0.32,0.03,0.03,0.09375,3.125,1.0,0.0204,1.0703448275862069,1.0000000000000002,0.09375000000000001,0.06572164948453608,0.546875,0.9,84.38
Butter,Eggs,0.32,0.03,0.03,0.09375,3.125,1.0,0.0204,1.0703448275862069,1.0000000000000002,0.09375000000000001,0.06572164948453608,0.546875,0.9,84.38
Wine,Chips,0.49,0.08,0.05,0.10204081632653061,1.2755102040816326,1.0,0.010800000000000004,1.0245454545454546,0.423529411764706,0.09615384615384617,0.023957409050576754,0.3635204081632653,0.8,81.63
Milk,Butter,0.26,0.05,0.03,0.11538461538461538,2.3076923076923075,1.0,0.016999999999999998,1.0739130434782609,0.7657657657657657,0.10714285714285712,0.06882591093117409,0.3576923076923077,0.7,80.77
Milk,Butter,0.26,0.05,0.03,0.11538461538461538,2.3076923076923075,1.0,0.016999999999999998,1.0739130434782609,0.7657657657657657,0.10714285714285712,0.06882591093117409,0.3576923076923077,0.7,80.77
Bread,Chips,0.5,0.08,0.05,0.1,1.25,1.0,0.010000000000000002,1.0222222222222221,0.4000000000000001,0.09433962264150945,0.02173913043478261,0.3625,0.8,80.0
Eggs,Milk,0.2,0.03,0.03,0.15,5.0,1.0,0.024,1.1411764705882352,1.0,0.15,0.12371134020618557,0.575,0.5,75.0
Milk,Chips,0.32,0.03,0.03,0.09375,3.125,1.0,0.0204,1.0703448275862069,1.0000000000000002,0.09375000000000001,0.06572164948453608,0.546875,0.8,75.0
Eggs,Milk,0.2,0.03,0.03,0.15,5.0,1.0,0.024,1.1411764705882352,1.0,0.15,0.12371134020618557,0.575,0.5,75.0
Milk,Chips,0.32,0.05,0.03,0.09375,1.875,1.0,0.013999999999999999,1.0482758620689654,0.6862745098039216,0.08823529411764706,0.046052631578947366,0.346875,0.8,75.0
Butter,Chips,0.32,0.05,0.03,0.09375,1.875,1.0,0.013999999999999999,1.0482758620689654,0.6862745098039216,0.08823529411764706,0.046052631578947366,0.346875,0.8,75.0
Eggs,Milk,0.2,0.03,0.03,0.15,5.0,1.0,0.024,1.1411764705882352,1.0,0.15,0.12371134020618557,0.575,0.5,75.0
Milk,Chips,0.32,0.03,0.03,0.09375,3.125,1.0,0.0204,1.0703448275862069,1.0000000000000002,0.09375000000000001,0.06572164948453608,0.546875,0.8,75.0
Eggs,Butter,0.2,0.05,0.02,0.09999999999999999,1.9999999999999998,1.0,0.009999999999999998,1.0555555555555556,0.6249999999999999,0.08695652173913043,0.05263157894736841,0.24999999999999997,0.7,70.0
Eggs,Butter,0.2,0.05,0.02,0.09999999999999999,1.9999999999999998,1.0,0.009999999999999998,1.0555555555555556,0.6249999999999999,0.08695652173913043,0.05263157894736841,0.24999999999999997,0.7,70.0
Bread,Chips,0.24,0.05,0.02,0.08333333333333334,1.6666666666666667,1.0,0.008,1.0363636363636364,0.5263157894736842,0.07407407407407408,0.03508771929824562,0.24166666666666664,0.8,66.67
Bread,Chips,0.24,0.03,0.02,0.08333333333333334,2.777777777777778,1.0,0.0128,1.0581818181818181,0.8421052631578948,0.08,0.05498281786941582,0.37500000000000006,0.8,66.67
Milk,Butter,0.32,0.05,0.03,0.09375,1.875,1.0,0.013999999999999999,1.0482758620689654,0.6862745098039216,0.08823529411764706,0.046052631578947366,0.346875,0.7,65.62
Milk,Butter,0.32,0.04,0.03,0.09375,2.34375,1.0,0.0172,1.0593103448275862,0.8431372549019609,0.09090909090909091,0.055989583333333336,0.421875,0.7,65.62
Milk,Butter,0.32,0.04,0.03,0.09375,2.34375,1.0,0.0172,1.0593103448275862,0.8431372549019609,0.09090909090909091,0.055989583333333336,0.421875,0.7,65.62
Milk,Butter,0.32,0.05,0.03,0.09375,1.875,1.0,0.013999999999999999,1.0482758620689654,0.6862745098039216,0.08823529411764706,0.046052631578947366,0.346875,0.7,65.62
Diapers,Baby Wipes,0.37,0.03,0.02,0.05405405405405406,1.801801801801802,1.0,0.008900000000000002,1.0254285714285714,0.7063492063492065,0.05263157894736842,0.024797993870158824,0.3603603603603604,1.2,64.86
Diapers,Baby Wipes,0.37,0.02,0.02,0.05405405405405406,2.7027027027027026,1.0,0.0126,1.036,1.0,0.05405405405405406,0.03474903474903475,0.527027027027027,1.2,64.86
Diapers,Baby Wipes,0.37,0.02,0.02,0.05405405405405406,2.7027027027027026,1.0,0.0126,1.036,1.0,0.05405405405405406,0.03474903474903475,0.527027027027027,1.2,64.86
Diapers,Baby Wipes,0.37,0.03,0.02,0.05405405405405406,1.801801801801802,1.0,0.008900000000000002,1.0254285714285714,0.7063492063492065,0.05263157894736842,0.024797993870158824,0.3603603603603604,1.2,64.86
Cheese,Eggs,0.45,0.04,0.03,0.06666666666666667,1.6666666666666665,1.0,0.011999999999999997,1.0285714285714285,0.7272727272727271,0.06521739130434782,0.027777777777777776,0.4083333333333333,0.9,60.0
Bread,Butter,0.24,0.05,0.02,0.08333333333333334,1.6666666666666667,1.0,0.008,1.0363636363636364,0.5263157894736842,0.07407407407407408,0.03508771929824562,0.24166666666666664,0.7,58.33
Bread,Butter,0.24,0.05,0.02,0.08333333333333334,1.6666666666666667,1.0,0.008,1.0363636363636364,0.5263157894736842,0.07407407407407408,0.03508771929824562,0.24166666666666664,0.7,58.33
Butter,Milk,0.26,0.06,0.03,0.11538461538461538,1.9230769230769231,1.0,0.0144,1.0626086956521739,0.6486486486486487,0.10344827586206895,0.058919803600654665,0.3076923076923077,0.5,57.69
Butter,Milk,0.26,0.06,0.03,0.11538461538461538,1.9230769230769231,1.0,0.0144,1.0626086956521739,0.6486486486486487,0.10344827586206895,0.058919803600654665,0.3076923076923077,0.5,57.69
Butter,Milk,0.26,0.03,0.03,0.11538461538461538,3.8461538461538463,1.0,0.022199999999999998,1.0965217391304347,1.0,0.11538461538461538,0.08802537668517049,0.5576923076923077,0.5,57.69
Bread,Milk,0.26,0.03,0.03,0.11538461538461538,3.8461538461538463,1.0,0.022199999999999998,1.0965217391304347,1.0,0.11538461538461538,0.08802537668517049,0.5576923076923077,0.5,57.69
Milk,Bread,0.32,0.03,0.03,0.09375,3.125,1.0,0.0204,1.0703448275862069,1.0000000000000002,0.09375000000000001,0.06572164948453608,0.546875,0.6,56.25
Bread,Butter,0.5,0.05,0.04,0.08,1.5999999999999999,1.0,0.015,1.0326086956521738,0.75,0.0784313725490196,0.031578947368421054,0.43999999999999995,0.7,56.0
Bread,Butter,0.5,0.05,0.04,0.08,1.5999999999999999,1.0,0.015,1.0326086956521738,0.75,0.0784313725490196,0.031578947368421054,0.43999999999999995,0.7,56.0
Wine,Eggs,0.49,0.04,0.03,0.061224489795918366,1.530612244897959,1.0,0.0104,1.0226086956521738,0.6797385620915033,0.06,0.022108843537414963,0.40561224489795916,0.9,55.1
Bread,Eggs,0.5,0.03,0.03,0.06,2.0,1.0,0.015,1.0319148936170213,1.0,0.06,0.030927835051546393,0.53,0.9,54.0
Bread,Eggs,0.5,0.03,0.03,0.06,2.0,1.0,0.015,1.0319148936170213,1.0,0.06,0.030927835051546393,0.53,0.9,54.0
Cheese,Chips,0.45,0.05,0.03,0.06666666666666667,1.3333333333333333,1.0,0.007499999999999996,1.0178571428571428,0.4545454545454543,0.06382978723404255,0.017543859649122803,0.3333333333333333,0.8,53.33
Wine,Chips,0.49,0.05,0.03,0.061224489795918366,1.2244897959183672,1.0,0.005499999999999998,1.0119565217391304,0.3594771241830064,0.058823529411764705,0.011815252416756173,0.33061224489795915,0.8,48.98
Wine,Chips,0.49,0.03,0.03,0.061224489795918366,2.0408163265306123,1.0,0.0153,1.0332608695652172,1.0,0.061224489795918366,0.032190195665895226,0.5306122448979592,0.8,48.98
Wine,Baby Wipes,0.49,0.02,0.02,0.04081632653061225,2.0408163265306123,1.0,0.0102,1.0217021276595746,1.0,0.04081632653061225,0.021241149521032905,0.5204081632653061,1.2,48.98
Diapers,Chips,0.33,0.02,0.02,0.06060606060606061,3.0303030303030303,1.0,0.013399999999999999,1.043225806451613,1.0,0.06060606060606061,0.04143475572047001,0.5303030303030303,0.8,48.48
Bread,Chips,0.5,0.05,0.03,0.06,1.2,1.0,0.0049999999999999975,1.0106382978723405,0.3333333333333332,0.05769230769230769,0.010526315789473679,0.32999999999999996,0.8,48.0
Bread,Chips,0.5,0.03,0.03,0.06,2.0,1.0,0.015,1.0319148936170213,1.0,0.06,0.030927835051546393,0.53,0.8,48.0
Butter,Milk,0.32,0.03,0.03,0.09375,3.125,1.0,0.0204,1.0703448275862069,1.0000000000000002,0.09375000000000001,0.06572164948453608,0.546875,0.5,46.88
Butter,Milk,0.32,0.04,0.03,0.09375,2.34375,1.0,0.0172,1.0593103448275862,0.8431372549019609,0.09090909090909091,0.055989583333333336,0.421875,0.5,46.88
Butter,Milk,0.32,0.04,0.03,0.09375,2.34375,1.0,0.0172,1.0593103448275862,0.8431372549019609,0.09090909090909091,0.055989583333333336,0.421875,0.5,46.88
Butter,Milk,0.32,0.06,0.03,0.09375,1.5625,1.0,0.0108,1.0372413793103448,0.5294117647058825,0.08571428571428572,0.03590425531914894,0.296875,0.5,46.88
Butter,Milk,0.32,0.06,0.03,0.09375,1.5625,1.0,0.0108,1.0372413793103448,0.5294117647058825,0.08571428571428572,0.03590425531914894,0.296875,0.5,46.88
Butter,Milk,0.32,0.03,0.03,0.09375,3.125,1.0,0.0204,1.0703448275862069,1.0000000000000002,0.09375000000000001,0.06572164948453608,0.546875,0.5,46.88
Butter,Milk,0.32,0.03,0.03,0.09375,3.125,1.0,0.0204,1.0703448275862069,1.0000000000000002,0.09375000000000001,0.06572164948453608,0.546875,0.5,46.88
Butter,Milk,0.32,0.03,0.03,0.09375,3.125,1.0,0.0204,1.0703448275862069,1.0000000000000002,0.09375000000000001,0.06572164948453608,0.546875,0.5,46.88
Cheese,Butter,0.45,0.05,0.03,0.06666666666666667,1.3333333333333333,1.0,0.007499999999999996,1.0178571428571428,0.4545454545454543,0.06382978723404255,0.017543859649122803,0.3333333333333333,0.7,46.67
Cheese,Milk,0.45,0.06,0.04,0.08888888888888889,1.4814814814814816,1.0,0.013000000000000001,1.0317073170731708,0.5909090909090909,0.0851063829787234,0.03073286052009457,0.3777777777777778,0.5,44.44
Baby Wipes,Chips,0.36,0.02,0.02,0.05555555555555556,2.777777777777778,1.0,0.0128,1.0376470588235294,1.0,0.05555555555555556,0.036281179138322,0.5277777777777778,0.8,44.44
Diapers,Chips,0.37,0.02,0.02,0.05405405405405406,2.7027027027027026,1.0,0.0126,1.036,1.0,0.05405405405405406,0.03474903474903475,0.527027027027027,0.8,43.24
Wine,Butter,0.49,0.05,0.03,0.061224489795918366,1.2244897959183672,1.0,0.005499999999999998,1.0119565217391304,0.3594771241830064,0.058823529411764705,0.011815252416756173,0.33061224489795915,0.7,42.86
Bread,Milk,0.24,0.06,0.02,0.08333333333333334,1.388888888888889,1.0,0.005600000000000001,1.0254545454545454,0.368421052631579,0.07142857142857144,0.024822695035461008,0.20833333333333337,0.5,41.67
Bread,Milk,0.24,0.06,0.02,0.08333333333333334,1.388888888888889,1.0,0.005600000000000001,1.0254545454545454,0.368421052631579,0.07142857142857144,0.024822695035461008,0.20833333333333337,0.5,41.67
Wine,Milk,0.49,0.06,0.04,0.0816326530612245,1.360544217687075,1.0,0.010600000000000002,1.0235555555555556,0.5196078431372549,0.0784313725490196,0.02301346070343032,0.3741496598639456,0.5,40.82
Bread,Milk,0.5,0.06,0.04,0.08,1.3333333333333335,1.0,0.010000000000000002,1.0217391304347825,0.5000000000000001,0.07692307692307693,0.021276595744680857,0.37333333333333335,0.5,40.0
Bread,Milk,0.5,0.06,0.04,0.08,1.3333333333333335,1.0,0.010000000000000002,1.0217391304347825,0.5000000000000001,0.07692307692307693,0.021276595744680857,0.37333333333333335,0.5,40.0
Cheese,Chips,0.45,0.03,0.02,0.044444444444444446,1.4814814814814816,1.0,0.006500000000000001,1.0151162790697674,0.5909090909090909,0.04347826086956522,0.01489117983963345,0.35555555555555557,0.8,35.56
Wine,Chips,0.49,0.02,0.02,0.04081632653061225,2.0408163265306123,1.0,0.0102,1.0217021276595746,1.0,0.04081632653061225,0.021241149521032905,0.5204081632653061,0.8,32.65
Bread,Chips,0.5,0.03,0.02,0.04,1.3333333333333335,1.0,0.005000000000000001,1.0104166666666667,0.5000000000000001,0.0392156862745098,0.010309278350515465,0.3533333333333334,0.8,32.0
Bread,Milk,0.5,0.03,0.03,0.06,2.0,1.0,0.015,1.0319148936170213,1.0,0.06,0.030927835051546393,0.53,0.5,30.0
Bread,Milk,0.5,0.03,0.03,0.06,2.0,1.0,0.015,1.0319148936170213,1.0,0.06,0.030927835051546393,0.53,0.5,30.0
Bread,Milk,0.5,0.03,0.03,0.06,2.0,1.0,0.015,1.0319148936170213,1.0,0.06,0.030927835051546393,0.53,0.5,30.0
Bread,Milk,0.5,0.03,0.03,0.06,2.0,1.0,0.015,1.0319148936170213,1.0,0.06,0.030927835051546393,0.53,0.5,30.0
Bread,Milk,0.5,0.03,0.03,0.06,2.0,1.0,0.015,1.0319148936170213,1.0,0.06,0.030927835051546393,0.53,0.5,30.0
Bread,Milk,0.5,0.03,0.03,0.06,2.0,1.0,0.015,1.0319148936170213,1.0,0.06,0.030927835051546393,0.53,0.5,30.0
